{
    "columns": [
        "NumFeature_0",
        "CatFeature_1",
        "NumFeature_2",
        "CatFeature_3",
        "Age_Group",
        "Performance_Score"
    ],
    "data": [
        {
            "NumFeature_0": 57.45,
            "CatFeature_1": "C",
            "NumFeature_2": 44.24,
            "CatFeature_3": "B",
            "Age_Group": "Middle-aged",
            "Performance_Score": 0
        },
        {
            "NumFeature_0": 47.93,
            "CatFeature_1": "C",
            "NumFeature_2": 53.75,
            "CatFeature_3": "C",
            "Age_Group": "Young",
            "Performance_Score": 0
        },
        {
            "NumFeature_0": 59.72,
            "CatFeature_1": "A",
            "NumFeature_2": 79.94,
            "CatFeature_3": "C",
            "Age_Group": "Senior",
            "Performance_Score": 1
        },
        {
            "NumFeature_0": 72.85,
            "CatFeature_1": "C",
            "NumFeature_2": 96.65,
            "CatFeature_3": "B",
            "Age_Group": "Senior",
            "Performance_Score": 1
        },
        {
            "NumFeature_0": 46.49,
            "CatFeature_1": "B",
            "NumFeature_2": 59.1,
            "CatFeature_3": "B",
            "Age_Group": "Middle-aged",
            "Performance_Score": 1
        }
    ]
}
